{
  "type": "minecraft:chest",
  "pools": [
    {
      "rolls": 1,
      "entries": [
        {
          "type": "minecraft:loot_table",
          "name": "minecraft:gameplay/totem_rarity",
          "weight": 20,
          "quality": 3
        },
        {
          "type": "minecraft:empty",
          "weight": 80,
          "quality": -3
        }
      ]
    },
    {
      "rolls": {
        "min": 0,
        "max": 1,
        "type": "minecraft:uniform"
      },
      "entries": [
        {
          "type": "minecraft:item",
          "name": "minecraft:crossbow"
        }
      ]
    },
    {
      "rolls": {
        "min": 2,
        "max": 3,
        "type": "minecraft:uniform"
      },
      "entries": [
        {
          "type": "minecraft:item",
          "name": "minecraft:wheat",
          "weight": 7,
          "functions": [
            {
              "function": "minecraft:set_count",
              "count": {
                "min": 3,
                "max": 5,
                "type": "minecraft:uniform"
              }
            }
          ]
        },
        {
          "type": "minecraft:item",
          "name": "minecraft:potato",
          "weight": 5,
          "functions": [
            {
              "function": "minecraft:set_count",
              "count": {
                "min": 2,
                "max": 5,
                "type": "minecraft:uniform"
              }
            }
          ]
        },
        {
          "type": "minecraft:item",
          "name": "minecraft:carrot",
          "weight": 5,
          "functions": [
            {
              "function": "minecraft:set_count",
              "count": {
                "min": 3,
                "max": 5,
                "type": "minecraft:uniform"
              }
            }
          ]
        }
      ]
    },
    {
      "rolls": {
        "min": 1,
        "max": 3,
        "type": "minecraft:uniform"
      },
      "entries": [
        {
          "type": "minecraft:item",
          "name": "minecraft:dark_oak_log",
          "functions": [
            {
              "function": "minecraft:set_count",
              "count": {
                "min": 2,
                "max": 3,
                "type": "minecraft:uniform"
              }
            }
          ]
        }
      ]
    },
    {
      "rolls": {
        "min": 2,
        "max": 3,
        "type": "minecraft:uniform"
      },
      "entries": [
        {
          "type": "minecraft:item",
          "name": "minecraft:experience_bottle",
          "weight": 7
        },
        {
          "type": "minecraft:item",
          "name": "minecraft:string",
          "weight": 4,
          "functions": [
            {
              "function": "minecraft:set_count",
              "count": {
                "min": 1,
                "max": 6,
                "type": "minecraft:uniform"
              }
            }
          ]
        },
        {
          "type": "minecraft:item",
          "name": "minecraft:arrow",
          "weight": 4,
          "functions": [
            {
              "function": "minecraft:set_count",
              "count": {
                "min": 2,
                "max": 7,
                "type": "minecraft:uniform"
              }
            }
          ]
        },
        {
          "type": "minecraft:item",
          "name": "minecraft:tripwire_hook",
          "weight": 3,
          "functions": [
            {
              "function": "minecraft:set_count",
              "count": {
                "min": 1,
                "max": 3,
                "type": "minecraft:uniform"
              }
            }
          ]
        },
        {
          "type": "minecraft:item",
          "name": "minecraft:iron_ingot",
          "weight": 3,
          "functions": [
            {
              "function": "minecraft:set_count",
              "count": {
                "min": 1,
                "max": 3,
                "type": "minecraft:uniform"
              }
            }
          ]
        },
        {
          "type": "minecraft:item",
          "name": "minecraft:book",
          "functions": [
            {
              "function": "minecraft:enchant_randomly"
            }
          ]
        }
      ]
    }
  ]
}
